代码,名称,交易日期,前收盘价,开盘价,最高价,最低价,收盘价,涨跌,涨跌幅(%),已计息天数,应计利息,剩余期限(年),当期收益率(%),纯债到期收益率(%),纯债价值,纯债溢价,纯债溢价率(%),转股价格,转股比例,转换价值,转股溢价,转股溢价率(%),转股市盈率,转股市净率,套利空间,平价/底价,期限(年),发行日期,票面利率/发行参考利率(%),交易市场,债券类型
123093.SZ,金陵转债,2022-05-31,126.95,131,152.33,124,152.33,25.38,19.99212288302481,133,0.291506849315,4.638356164383562,0.5251756055931202,-3.6517,88.29701857,64.03298143,72.51998138446318,49.19,2.032933523073796,79.28440739987802,73.04559260012198,92.13109487179487,490.7883,7.1149,-73.04559260012198,89.79284769057409,6,2021-01-19,0.5,深交所,可转债
118007.SH,山石转债,2022-05-31,145.6,145.3,171,140.6,166.63,21.03,14.44368131868132,71,0.077808219178,5.808219178082192,0.2400528116185561,-5.517,74.5770355,92.0529645,123.4333919052065,24.65,4.056795131845842,77.20081135902637,89.42918864097363,115.8397004729375,-11.9574,2.3793,-89.42918864097363,103.5182088446334,6,2022-03-22,0.4,上交所,可转债
128030.SZ,天康转债,2022-05-31,227.8,229.001,254.484,227.5,251.496,23.696,10.40210711150132,161,0.79397260274,1.561643835616438,0.71571714858288,-41.4369,105.33517491,146.16082509,138.7578510358786,7.4,13.51351351351351,134.4594594594595,117.0365405405405,87.0422512562814,-48.3914,1.9254,-117.0365405405405,127.6491538314183,6,2017-12-22,0.3,深交所,可转债
127051.SZ,博杰转债,2022-05-31,116.91,125,134.738,123.001,125.895,8.985,7.685399024890942,196,0.214794520548,5.465753424657534,0.3177250883672902,-0.722,86.69495531,39.20004469,45.21606193789501,62.17,1.608492842206852,57.1819205404536,68.7130794595464,120.1657426160338,26.9699,3.2405,-68.7130794595464,65.95761003161603,6,2021-11-17,0.4,深交所,可转债
113534.SH,鼎胜转债,2022-05-31,223.6,223,239.37,221,234.95,11.35,5.07602862254025,53,0.217808219178,2.857534246575343,0.638433709299851,-22.7699,97.25038165,137.69961835,141.5928822218663,15.18,6.587615283267457,219.1699604743083,15.7800395256917,7.199909828674482,18.8907,3.1275,-15.7800395256917,225.366684177232,6,2019-04-08,0.4,上交所,可转债
123083.SZ,朗新转债,2022-05-31,169.6,169.98,184.398,167.5,176.57,6.97,4.109669811320755,174,0.238356164384,0.8904109589041096,0.2831738120858583,-9.2216,97.43334682,79.13665318,81.2213228456561,15.27,6.548788474132286,165.3569089718402,11.21309102815979,6.781144554455445,128.8208,4.1702,-11.21309102815979,169.7128492130352,6,2020-12-09,0.3,深交所,可转债
123022.SZ,长信转债,2022-05-31,153.19,154,166.8,150.358,159.16,5.97,3.897121222011881,75,0.308219178082,2.797260273972603,0.9424478512188992,-11.5911,103.95937416,55.20062584,53.09826678548755,6.05,16.52892561983471,114.2148760330579,44.94512396694215,39.35137481910275,23.3809,2.1619,-44.94512396694215,109.864913054665,6,2019-03-15,0.4,深交所,可转债
118006.SH,阿拉转债,2022-05-31,179.7,182.99,187.5,170.92,186.62,6.92,3.850862548692265,78,0.085479452055,5.789041095890411,0.2143392991104919,-7.2623,75.31051473,111.30948527,147.8007230053625,45.23,2.210921954455008,102.4983418085342,84.12165819146584,82.07123813632442,52.7967,6.4292,-84.12165819146584,136.100970994564,6,2022-03-15,0.4,上交所,可转债
127013.SZ,创维转债,2022-05-31,134.601,134.66,144.547,132.364,139.7,5.099,3.788233371223096,47,0.193150684932,0.07945205479452055,0.2206293329149535,-6.2624,100.05719415,39.64280585,39.6201454445842,11.19,8.936550491510276,140.6613047363718,-0.9613047363717605,-0.683418043202033,20.1026,3.633,0.9613047363717605,140.5809006851625,6,2019-04-12,0.4,深交所,可转债
128101.SZ,联创转债,2022-05-31,134,134.96,141.44,133.01,138.68,4.68,3.492537313432836,77,0.21095890411,3.791780821917808,0.7210845111047015,-5.0552,99.87736978,38.80263022,38.85027239450798,13.72,7.288629737609329,96.13702623906705,42.54297376093295,44.25243366186505,87.3505,3.7324,-42.54297376093295,96.25506403585537,6,2020-03-16,0.3,深交所,可转债
123035.SZ,利德转债,2022-05-31,123.4,123.9,128.297,121.898,127.5,4.1,3.322528363047002,199,0.545205479452,3.457534246575342,0.7843137254901961,-3.1711,102.98717791,24.51282209,23.80181939874267,6.91,14.47178002894356,90.01447178002894,37.48552821997106,41.64389067524116,34.3868,2.0083,-37.48552821997106,87.4035715967401,6,2019-11-14,0.5,深交所,可转债
123144.SZ,裕兴转债,2022-05-31,121.5,128,128.5,122.501,125.486,3.986,3.280658436213992,51,0.041917808219,5.863013698630137,0.2390704939196404,-0.729,83.89736716,41.58863284,49.57084381526139,14.24,7.022471910112359,97.40168539325843,28.08431460674157,28.83349963950973,16.786,2.1313,-28.08431460674157,116.0962360207376,6,2022-04-11,0.3,深交所,可转债
113622.SH,杭叉转债,2022-05-31,110.05,110.05,113.97,109.82,113.63,3.58,3.253066787823717,68,0.074520547945,0.8136986301369863,0.3510552755337851,-0.2479,97.65303117,15.97696883,16.36095535241131,22.68,4.409171075837743,62.3015873015873,51.3284126984127,82.38700636942676,16.0906,2.1785,-51.3284126984127,63.79892826176499,6,2021-03-25,0.2,上交所,可转债
113051.SH,节能转债,2022-05-31,132.45,134.5,136.5,132,136.34,3.89,2.936957342393356,345,0.18904109589,5.057534246575343,0.1466920932961713,-3.4444,96.50671243,39.83328757,41.27514715506717,4,25,115,21.34,18.55652173913044,13.662,2.0577,-21.34,119.1626956346833,6,2021-06-21,0.2,上交所,可转债
127046.SZ,百润转债,2022-05-31,114.6,114.627,122.71,114.6,117.85,3.25,2.835951134380454,245,0.201369863014,5.331506849315068,0.2545608824777259,-0.4501,93.5369901,24.3130099,25.99293592193534,66.83,1.496333981744725,53.08992967230286,64.76007032769714,121.9818348365276,72.6034,7.1771,-64.76007032769714,56.75821898432336,6,2021-09-29,0.3,深交所,可转债
123071.SZ,天能转债,2022-05-31,140.042,150,154.042,143.88,144.002,3.96,2.827723111637937,223,0.366575342466,4.391780821917808,0.416660879710004,-4.0182,92.65501357,51.34698643,55.41738590454992,7.91,12.64222503160556,119.8482932996207,24.15370670037927,20.15356751054852,72.4254,2.0184,-24.15370670037927,129.3489566099696,6,2020-10-21,0.4,深交所,可转债
113647.SH,禾丰转债,2022-05-31,113.25,113.25,116.25,113,116.14,2.89,2.551876379690949,40,0.032876712329,5.893150684931507,0.2583089374892371,0.1421,92.97573382,23.16426618,24.91431390565388,10.22,9.784735812133073,84.34442270058709,31.79557729941292,37.69730858468677,-15.5007,1.2564,-31.79557729941292,90.71659801457116,6,2022-04-22,0.3,上交所,可转债
113599.SH,嘉友转债,2022-05-31,133.81,133.8,137.86,132.5,137.17,3.36,2.511023092444511,300,0.493150684932,0.1534246575342466,0.4254294990417876,-2.1282,99.64599056,37.52400944,37.65731990732292,18.32,5.458515283842795,130.8406113537118,6.329388646288209,4.837480183562787,17.5693,2.5646,-6.329388646288209,131.3054450243319,6,2020-08-05,0.4,上交所,可转债
127056.SZ,中特转债,2022-05-31,113.51,113.005,121.844,113.005,116.352,2.842,2.503744163509823,96,0.052602739726,5.739726027397261,0.1718921892189219,-0.9243,92.0199241,24.3320759,26.44218210129995,24.2,4.132231404958678,80.2892561983471,36.06274380165289,44.91602676273804,12.5857,2.801,-36.06274380165289,87.2520347996539,6,2022-02-25,0.2,深交所,可转债
118005.SH,天奈转债,2022-05-31,122.58,122.33,128.6,121.33,125.62,3.04,2.480013052700278,125,0.102739726027,5.66027397260274,0.2388154752427957,-1.5596,81.33404586,44.28595414,54.44946660618513,153.67,0.6507451031430989,83.03507516105941,42.58492483894059,51.28546551724138,74.113,14.1853,-42.58492483894059,102.091411146554,6,2022-01-27,0.3,上交所,可转债
123060.SZ,苏试转债,2022-05-31,179.69,179.18,188.33,175.6,184,4.31,2.398575324169403,315,0.604109589041,0.6219178082191781,0.3804347826086957,-10.5167,97.45653436,86.54346564,88.80211697279566,19.05,5.249343832020998,159.5800524934383,24.41994750656168,15.30263157894737,74.9895,5.1402,-24.41994750656168,163.7448463988642,6,2020-07-21,0.4,深交所,可转债
113045.SH,环旭转债,2022-05-31,109.09,109.28,112.8,109,111.4,2.31,2.117517645980383,89,0.048767123288,4.758904109589041,0.1795332136445242,0.0954,95.34897648,16.05102352,16.83397568862923,19.75,5.063291139240507,63.49367088607595,47.90632911392405,75.4505582137161,15.7868,2.1319,-47.90632911392405,66.59082585893736,6,2021-03-04,0.1,上交所,可转债
118003.SH,华兴转债,2022-05-31,123.96,124.55,132.36,123.11,126.58,2.62,2.113585027428203,184,0.151232876712,5.498630136986302,0.2370042660767894,-1.7443,92.88198378,33.69801622,36.28046564963236,39.33,2.542588354945334,77.59979659293161,48.98020340706839,63.11898427260812,82.0448,3.8371,-48.98020340706839,83.54666151051883,6,2021-11-29,0.3,上交所,可转债
123121.SZ,帝尔转债,2022-05-31,146.373,148.044,154.99,146.6,149.285,2.912,1.989437942789996,300,0.328767123288,5.18082191780822,0.2679438657601233,-4.0508,88.22561239,61.05938761,69.20823325100639,192.24,0.5201831044527674,122.7163961714524,26.56860382854765,21.65041074986224,67.404,11.1183,-26.56860382854765,139.0938445731455,6,2021-08-05,0.4,深交所,可转债
127022.SZ,恒逸转债,2022-05-31,121.6,121.08,124.479,120.9,124,2.4,1.973684210526316,228,0.249863013699,4.378082191780822,0.3225806451612903,-3.0069,94.18646159,29.81353841,31.65374078896852,11.2,8.928571428571429,95.26785714285714,28.73214285714286,30.1593252108716,13.3567,1.5026,-28.73214285714286,101.1481433048887,6,2020-10-16,0.2,深交所,可转债
123086.SZ,海兰转债,2022-05-31,162.58,164.2,167.57,163.1,165.78,3.2,1.968261778816583,172,0.282739726027,0.2328767123287671,0.2538435986296417,-6.4652,98.98772702,66.79227298,67.47530728380593,7.27,13.75515818431912,164.5116918844567,1.268308115543329,0.7709531772575251,-65.4489,4.2396,-1.268308115543329,166.1940291357714,6,2020-12-11,0.4,深交所,可转债
128141.SZ,旺能转债,2022-05-31,135.632,135.738,139.054,134.856,138.299,2.667,1.966350123864575,166,0.227397260274,4.547945205479453,0.3615355136335042,-4.0834,96.44081147,41.85818853,43.40298250499571,15.67,6.381620931716656,130.8232291001914,7.475770899808551,5.714406341463414,13.03,1.6329,-7.475770899808551,135.6513151497972,6,2020-12-17,0.3,深交所,可转债
123067.SZ,斯莱转债,2022-05-31,152.205,152.97,155.408,150.301,155.1,2.895,1.902040011826156,257,0.563287671233,4.298630136986302,0.5157962604771116,-5.7658,93.38382214,61.71617786,66.0887254833881,9.36,10.68376068376068,140.2777777777778,14.82222222222222,10.56633663366337,43.702,5.6025,-14.82222222222222,150.2163592827405,6,2020-09-17,0.4,深交所,可转债
128114.SZ,正邦转债,2022-05-31,111.695,111.89,114.075,111.8,113.808,2.113,1.891758807466762,349,0.573698630137,1.671232876712329,0.527203711514129,0.2416,54.29454163,59.51345837,109.6122309597257,6.08,16.44736842105263,102.3026315789474,11.50536842105263,11.24640514469453,-2.0107,53.7504,-11.50536842105263,188.4215770272216,6,2020-06-17,0.4,深交所,可转债
113638.SH,台21转债,2022-05-31,116.33,116.72,118.89,115.51,118.41,2.08,1.788016848620304,154,0.126575342466,5.580821917808219,0.2533569799847986,-0.2026,94.17077925,24.23922075,25.73964125926037,16.87,5.927682276229994,63.66330764671014,54.74669235328987,85.9941061452514,20.329,2.4529,-54.74669235328987,67.60409986382282,6,2021-12-29,0.3,上交所,可转债
113641.SH,华友转债,2022-05-31,119.8,120.48,123.09,119.37,121.93,2.13,1.7779632721202,97,0.053150684932,5.736986301369863,0.1640285409661281,-1.4129,92.56213284,29.36786716,31.72773385717502,110.26,0.9069472156720478,85.68837293669509,36.24162706330492,42.29468458933108,23.9129,5.598,-36.24162706330492,92.57389637381554,6,2022-02-24,0.2,上交所,可转债
113633.SH,科沃转债,2022-05-31,113.92,113.5,116.08,113.4,115.93,2.01,1.76439606741573,183,0.150410958904,5.501369863013698,0.2587768480979902,-0.1329,92.87187292,23.05812708,24.82789067887358,178.13,0.5613877505192837,65.76657497333409,50.16342502666592,76.27495433205293,39.6762,12.2573,-50.16342502666592,70.81430890274554,6,2021-11-30,0.3,上交所,可转债
110085.SH,通22转债,2022-05-31,131.62,132.2,134.16,131.85,133.92,2.3,1.74745479410424,97,0.053150684932,5.736986301369863,0.1493428912783752,-2.8812,93.38248142,40.53751858,43.41019639184482,38.36,2.606882168925965,117.8050052137643,16.11499478623566,13.67938039389246,9.7904,4.803,-16.11499478623566,126.1532178438489,6,2022-02-24,0.2,上交所,可转债
110081.SH,闻泰转债,2022-05-31,113.95,113.8,116.2,113.46,115.94,1.99,1.746379991224221,308,0.084383561644,5.158904109589041,0.08625150940141453,-0.6934,93.90383194,22.03616806,23.46673996656499,96.69,1.034233116144379,65.81859551142827,50.12140448857173,76.15082652419862,39.448,2.3163,-50.12140448857173,70.09149057248608,6,2021-07-28,0.1,上交所,可转债
123137.SZ,锦浪转债,2022-05-31,131.85,131.85,134.869,131.33,134.151,2.301,1.745164960182025,111,0.091232876712,0.326027397260274,0.1403039694688746,-2.2322,98.16733663,35.98366337,36.65543408356398,151.35,0.6607201850016517,111.6617112652792,22.48928873472084,20.14055532544379,95.4582,26.0679,-22.48928873472084,113.7462980035207,6,2022-02-10,0.3,深交所,可转债
128137.SZ,洁美转债,2022-05-31,120.922,120.922,125.683,120.39,123,2.078,1.71846314152925,209,0.343561643836,4.43013698630137,0.4878048780487805,-1.1641,89.50021871,33.49978129,37.42983176225135,27.63,3.619254433586681,85.12486427795874,37.87513572204126,44.49362244897959,75.2015,4.5276,-37.87513572204126,95.11134777645812,6,2020-11-04,0.4,深交所,可转债
113602.SH,景20转债,2022-05-31,117.5,117.9,120.13,116.03,119.5,2,1.702127659574468,281,0.461917808219,4.232876712328767,0.502092050209205,-1.3616,96.35151473,23.14848527,24.02503513812689,27.4,3.64963503649635,83.97810218978103,35.52189781021898,42.29900043459366,27.8945,2.7414,-35.52189781021898,87.15805083615733,6,2020-08-24,0.4,上交所,可转债
128029.SZ,太阳转债,2022-05-31,160,160,166.664,159.098,162.584,2.584,1.615,161,0.661643835616,0.5616438356164384,3.690400039364267,-61.9662,104.65092309,57.93307691,55.35840028871741,8.45,11.83431952662722,143.4319526627219,19.15204733727811,13.35270627062706,12.0618,1.6948,-19.15204733727811,137.0575131376243,5,2017-12-22,0.3,深交所,可转债
113620.SH,傲农转债,2022-05-31,132.44,132.1,134.61,132,134.56,2.12,1.60072485653881,83,0.113698630137,0.2547945205479452,0.1781554900395809,-2.2707,99.24280071,35.31719929,35.58666123621533,14.11,7.087172218284905,111.1268603827073,23.4331396172927,21.08683673469388,-9.0485,14.945,-23.4331396172927,111.9747322603622,6,2021-03-10,0.3,上交所,可转债
123143.SZ,胜蓝转债,2022-05-31,213.539,211.002,222.28,204.233,216.955,3.416,1.599707781716689,62,0.067945205479,5.832876712328767,0.1843700306515176,-10.1302,82.16291788,134.79208212,164.0546436250786,23.38,4.277159965782721,89.86313088109495,127.0918691189051,141.4282674916706,33.4322,3.2463,-127.0918691189051,109.3718835695943,6,2022-03-31,0.4,深交所,可转债
113648.SH,巨星转债,2022-05-31,116.78,116.75,120.9,116.75,118.63,1.85,1.58417537249529,37,0.040547945205,5.901369863013699,0.3371828373935767,-0.4234,80.60767863,38.02232137,47.16960222180263,25.24,3.961965134706815,79.23930269413628,39.39069730586371,49.71106,-8.1332,3.3975,-39.39069730586371,98.30242483207495,6,2022-04-25,0.4,上交所,可转债
127012.SZ,招路转债,2022-05-31,114.549,114.92,116.349,114.549,116.349,1.8,1.571379933478249,71,0.155616438356,2.808219178082192,0.6875864854876278,-2.8705,99.39884865,16.95015135,17.05266366785024,8.63,11.58748551564311,90.96176129779838,25.38723870220162,27.9097923566879,11.1028,0.9118,-25.38723870220162,91.51188623732452,6,2019-03-21,0.1,深交所,可转债
113053.SH,隆22转债,2022-05-31,125.18,126.3,127.79,125.8,127.14,1.96,1.56574532672951,147,0.080547945205,5.6,0.1573069057731635,-2.3969,93.08893721,34.05106279,36.57906493570118,82.65,1.209921355111918,95.82577132486388,31.31422867513612,32.67829545454546,40.2332,8.561,-31.31422867513612,102.9400207982715,6,2022-01-05,0.2,上交所,可转债
127052.SZ,西子转债,2022-05-31,113.139,113.47,116.463,112.702,114.9,1.761,1.556492456182218,159,0.130684931507,5.567123287671233,0.2610966057441253,0.0318,92.61933531,22.28066469,24.05616992977317,27.89,3.585514521333812,50.19720329867336,64.70279670132663,128.8972142857143,64.4081,2.9191,-64.70279670132663,54.19732621775102,6,2021-12-24,0.3,深交所,可转债
110083.SH,苏租转债,2022-05-31,114.89,114.99,116.87,114.96,116.6,1.71,1.488380189746714,202,0.110684931507,5.449315068493151,0.1715265866209262,-0.9934,92.91307668,23.68692332,25.49363788864687,5.07,19.72386587771203,97.83037475345168,18.76962524654832,19.1858870967742,6.0113,0.999,-18.76962524654832,105.2923638406543,6,2021-11-11,0.2,上交所,可转债
127045.SZ,牧原转债,2022-05-31,123.96,123.851,125.987,123.84,125.8,1.84,1.484349790254921,289,0.158356164384,5.210958904109589,0.1589825119236884,-2.3916,93.12635154,32.67364846,35.08528780488719,47.71,2.095996646405366,107.2731083630266,18.52689163697338,17.27076983196561,-13.1454,5.3937,-18.52689163697338,115.1909277976495,6,2021-08-16,0.2,深交所,可转债
127007.SZ,湖广转债,2022-05-31,173.302,173.5,181.802,173.201,175.869,2.567,1.481229299142537,338,1.38904109589,2.076712328767123,0.8529075618784436,-20.0869,105.31697883,70.55202117,66.99016811323774,5.58,17.92114695340502,164.336917562724,11.53208243727599,7.0173413304253,-25.4681,1.6498,-11.53208243727599,156.0402884590836,6,2018-06-28,0.5,深交所,可转债
111002.SH,特纸转债,2022-05-31,126.45,126.19,129.69,126,128.28,1.83,1.447212336892052,175,0.143835616438,5.523287671232877,0.2338634237605239,-1.6656,94.39674273,33.88325727,35.89451954599239,18.5,5.405405405405405,85.94594594594595,42.33405405405406,49.25660377358491,15.4257,3.0863,-42.33405405405406,91.04757585944931,6,2021-12-08,0.3,上交所,可转债
113630.SH,赛伍转债,2022-05-31,136.49,137.9,139.69,136.05,138.41,1.92,1.406696461279215,217,0.237808219178,0.1698630136986301,0.2201123721165956,-2.5763,99.24647485,39.16352515,39.46087275058515,19.2,5.208333333333333,127.34375,11.06625,8.690061349693252,27.8793,4.5423,-11.06625,128.3106026611685,6,2021-10-27,0.4,上交所,可转债
110086.SH,精工转债,2022-05-31,117.99,117.75,119.98,117.5,119.62,1.63,1.381473006186965,40,0.032876712329,5.893150684931507,0.2507941815749875,-0.3666,92.97573382,26.64426618,28.6572260151052,5,20,91.8,27.82,30.30501089324619,12.9024,1.2145,-27.82,98.73544012862946,6,2022-04-22,0.3,上交所,可转债
127043.SZ,川恒转债,2022-05-31,155.7,155.38,159.98,155.23,157.8,2.1,1.348747591522158,293,0.321095890411,5.2,0.2534854245880862,-5.0728,88.12019173,69.67980827,79.07360038831817,20.7,4.830917874396135,156.1835748792271,1.616425120772947,1.034952056913084,38.4552,4.6351,-1.616425120772947,177.2392590313161,6,2021-08-12,0.4,深交所,可转债
127005.SZ,长证转债,2022-05-31,112,112,113.48,111.7,113.48,1.48,1.321428571428571,81,0.399452054795,1.780821917808219,1.586182587240042,-3.3803,102.17513208,11.30486792,11.0642068083148,7.13,14.02524544179523,79.80364656381487,33.67635343618513,42.1990158172232,167.9263,1.0507,-33.67635343618513,78.10476476930909,6,2018-03-12,0.2,深交所,可转债
110074.SH,精达转债,2022-05-31,147.6,148.5,150,145.4,149.53,1.93,1.307588075880759,286,0.470136986301,4.219178082191781,0.4012572727880693,-5.7756,99.80515443,49.72484557,49.82192137669136,3.7,27.02702702702703,125.6756756756757,23.85432432432432,18.98086021505376,22.7094,2.0743,-23.85432432432432,125.9210272189102,6,2020-08-19,0.4,上交所,可转债
123107.SZ,温氏转债,2022-05-31,123.399,123.15,125.346,123.102,125,1.601,1.297417321047983,64,0.087671232877,4.827397260273973,0.4,-2.1421,96.86946449,28.13053551,29.03963148563081,17.62,5.675368898978434,102.5539160045403,22.44608399545971,21.88710570005534,-7.6248,3.9648,-22.44608399545971,105.8681562290737,6,2021-03-26,0.2,深交所,可转债
128131.SZ,崇达转2,2022-05-31,110.431,110.43,111.986,109.648,111.858,1.427,1.292209615053744,267,0.438904109589,4.271232876712329,0.536394357131363,0.6437,97.78838697,14.06961303,14.38781583984645,19.07,5.243838489774515,59.67488201363398,52.18311798636602,87.44569947275923,15.8293,2.188,-52.18311798636602,61.02450798369476,6,2020-09-07,0.3,深交所,可转债
113598.SH,法兰转债,2022-05-31,124.01,123.76,131.35,123.48,125.57,1.56,1.257963067494557,305,0.668493150685,4.167123287671233,0.6370948474954209,-0.9467,94.25374476,31.31625524,33.22547588930407,9.7,10.30927835051547,103.5051546391753,22.06484536082474,21.31762948207171,35.7683,2.3728,-22.06484536082474,109.8154295118271,6,2020-07-31,0.4,上交所,可转债
113568.SH,新春转债,2022-05-31,156.48,153.88,168.88,151.5,158.42,1.94,1.239775051124744,87,0.28602739726,0.03561643835616438,0.2054535109549236,-6.5239,100.11501211,58.30498789,58.23800712917878,8.75,11.42857142857143,158.9714285714286,-0.5514285714285714,-0.3468727534148095,26.1339,2.1384,0.5514285714285714,158.7888022195521,6,2020-03-06,0.5,上交所,可转债
128106.SZ,华统转债,2022-05-31,150.75,151.5,153.562,150.651,152.6,1.85,1.227197346600332,52,0.142465753425,3.86027397260274,0.6553079947575361,-7.7598,97.66749292,54.93250708,56.24441197133577,9.37,10.67235859124867,143.4364994663821,9.16350053361793,6.388541666666667,-18.1155,3.9766,-9.16350053361793,146.8620675907712,6,2020-04-10,0.3,深交所,可转债
113039.SH,嘉泽转债,2022-05-31,135.46,137.72,144.76,135.71,137.08,1.62,1.195924996308873,281,0.384931506849,4.232876712328767,0.3647505106507149,-4.5881,96.25240217,40.82759783,42.41722482716921,3.46,28.90173410404624,120.2312138728324,16.84878612716763,14.01365384615385,12.7322,1.8699,-16.84878612716763,124.9124293651199,6,2020-08-24,0.3,上交所,可转债
127026.SZ,超声转债,2022-05-31,111.5,111.25,113.4,111.225,112.8,1.3,1.165919282511211,175,0.239726027397,4.523287671232877,0.4432624113475177,0,94.90636714,17.89363286,18.85398566948034,12.72,7.861635220125787,74.29245283018868,38.50754716981132,51.83238095238095,16.8941,1.2323,-38.50754716981132,78.27973514210807,6,2020-12-08,0.3,深交所,可转债
128046.SZ,利尔转债,2022-05-31,179.255,179.5,181.948,177.212,181.243,1.988,1.109034615491897,227,0.932876712329,0.4301369863013699,0.8276181700810514,-18.7811,100.29128187,80.95171813,80.7166052927029,12.8,7.8125,179.84375,1.39925,0.7780364900086881,7.9699,3.23,-1.39925,179.3214192167948,6,2018-10-16,0.4,深交所,可转债
128120.SZ,联诚转债,2022-05-31,116.6,116.36,118.144,116.36,117.885,1.285,1.102058319039451,319,0.611780821918,4.128767123287672,0.5937990414386902,0.0032,77.79258412,40.09241588,51.53758077782183,18.07,5.534034311012729,83.12119535141117,34.76380464858882,41.82303262316911,51.4425,1.6184,-34.76380464858882,106.8497676117706,6,2020-07-17,0.5,深交所,可转债
113577.SH,春秋转债,2022-05-31,125.21,127,129.21,124.57,126.58,1.37,1.094161808162287,48,0.131506849315,3.871232876712329,0.7900142202559646,-2.0497,93.31367138,33.26632862,35.65000511503827,10.85,9.216589861751151,83.04147465437788,43.53852534562212,52.42985571587126,20.1617,1.507,-43.53852534562212,88.99175589845694,6,2020-04-14,0.5,上交所,可转债
113504.SH,艾华转债,2022-05-31,148.98,148.75,152.14,147.01,150.61,1.63,1.09410659148879,91,0.448767123288,1.753424657534247,1.195139764955846,-17.5015,102.72599832,47.88400168,46.61332327074337,20.81,4.805382027871215,131.71552138395,18.89447861604998,14.34491426486684,23.9114,3.6079,-18.89447861604998,128.2202398010728,6,2018-03-02,0.3,上交所,可转债
118004.SH,博瑞转债,2022-05-31,116.9,117.02,118.5,116.47,118.1,1.2,1.026518391787853,148,0.162191780822,5.597260273972603,0.3386960203217612,0.4429,85.89654482,32.20345518,37.49097853410025,35.68,2.802690582959641,61.7713004484305,56.32869955156951,91.18911070780399,37.1841,5.1902,-56.32869955156951,71.91360325130071,6,2022-01-04,0.4,上交所,可转债
123050.SZ,聚飞转债,2022-05-31,120.001,120.002,123.498,119.8,121.219,1.218,1.014991541737152,48,0.131506849315,3.871232876712329,0.8249531839068133,0.3844,98.077036,23.141964,23.59570083255779,5.08,19.68503937007874,85.23622047244095,35.98277952755905,42.21536258660508,27.7433,2.0409,-35.98277952755905,86.90741885026067,6,2020-04-14,0.4,深交所,可转债
123039.SZ,开润转债,2022-05-31,126.401,126.541,129.163,125.601,127.68,1.279,1.011859083393328,157,0.516164383562,3.572602739726027,0.9398496240601504,-1.6891,91.04725631,36.63274369,40.23486832516063,29.92,3.342245989304813,53.50935828877005,74.17064171122995,138.612467207995,20.6354,2.3049,-74.17064171122995,58.77097285236146,6,2019-12-26,0.5,深交所,可转债
113591.SH,胜达转债,2022-05-31,116.78,117.34,121.4,117.3,117.96,1.18,1.010446994348347,335,0.642465753425,1.575342465753425,0.593421498813157,0.7851,93.18852902,24.77147098,26.58210322719396,8.76,11.41552511415525,99.88584474885845,18.07415525114155,18.09481142857143,37.5477,1.9473,-18.07415525114155,107.1868456335662,6,2020-07-01,0.5,上交所,可转债
113549.SH,白电转债,2022-05-31,116.5,116.52,118.48,116.2,117.66,1.16,0.9957081545064378,198,0.542465753425,3.46027397260274,0.8499065102838688,-0.8503,101.72546453,15.93453547,15.6642543178564,9.06,11.03752759381898,89.62472406181016,28.03527593818984,31.28073891625616,-16.2175,1.3668,-28.03527593818984,88.1045119586343,6,2019-11-15,0.3,上交所,可转债
123132.SZ,回盛转债,2022-05-31,117.68,117.6,119.975,117.12,118.82,1.14,0.9687287559483345,166,0.181917808219,5.547945205479453,0.33664366268305,0.3347,86.16164915,32.65835085,37.90358143348049,28,3.571428571428572,80.10714285714286,38.71285714285715,48.326348640214,460.0844,2.6318,-38.71285714285715,92.97308448412267,6,2021-12-17,0.4,深交所,可转债
127040.SZ,国泰转债,2022-05-31,125.884,127,127.698,125.87,127.07,1.186,0.942137205681421,329,0.180273972603,5.101369863013699,0.1573935626032895,-2.3958,94.68316607,32.38683393,34.20548263675104,8.77,11.40250855188141,122.9190421892816,4.150957810718358,3.376985157699443,9.9033,1.6002,-4.150957810718358,129.8214321418093,6,2021-07-07,0.2,深交所,可转债
128078.SZ,太极转债,2022-05-31,121.556,122.2,123.116,121.12,122.7,1.144,0.9411300141498569,223,0.61095890411,0.8904109589041096,0.8149959250203749,-1.5978,98.75117665,23.94882335,24.25168404309844,22.21,4.5024763619991,84.5114813147231,38.1885186852769,45.18737346830048,145.2926,3.0786,-38.1885186852769,85.58022717466334,6,2019-10-21,0.4,深交所,可转债
110079.SH,杭银转债,2022-05-31,121.03,120.95,122.59,120.61,122.14,1.11,0.9171279847971577,64,0.070136986301,4.827397260273973,0.3274930407728836,-1.769,96.3095764,25.8304236,26.82020268962578,12.99,7.698229407236336,104.8498845265589,17.29011547344111,16.49035242290749,6.1029,1.0837,-17.29011547344111,108.8675586019491,6,2021-03-26,0.2,上交所,可转债
113017.SH,吉视转债,2022-05-31,113.49,113.63,114.7,113.2,114.53,1.04,0.9163802978235968,156,0.641095890411,1.575342465753425,1.309700515148869,-3.9751,103.28174919,11.24825081,10.89084073247772,2.23,44.84304932735426,91.92825112107623,22.60174887892377,24.58629268292683,141.7163,0.9554,-22.60174887892377,89.00725621132001,6,2017-12-27,0.3,上交所,可转债
123103.SZ,震安转债,2022-05-31,142.22,142.02,145.33,140.2,143.5,1.28,0.90001406271973,81,0.155342465753,4.780821917808219,0.4878048780487805,-3.5923,81.59350494,61.90649506,75.87184188928164,47.33,2.112824846820199,127.0230297908303,16.47697020916966,12.97164005322688,112.0571,11.1125,-16.47697020916966,155.677869070874,6,2021-03-12,0.5,深交所,可转债
123091.SZ,长海转债,2022-05-31,131.382,131.11,132.741,130.765,132.553,1.171,0.8912940889924038,160,0.26301369863,4.564383561643836,0.4526491290276342,-2.9526,97.31332618,35.23967382,36.21258793972096,15.99,6.253908692933083,109.1307066916823,23.4222933083177,21.46260573065903,7.8201,1.9685,-23.4222933083177,112.1436405223923,6,2020-12-23,0.3,深交所,可转债
127036.SZ,三花转债,2022-05-31,120.318,120.318,122.204,120.006,121.38,1.062,0.8826609484865108,365,0.2,1.16986301369863,0.1647717910693689,-1.1781,96.74955539,24.63044461,25.45794087705523,21.4,4.672897196261682,81.49532710280374,39.88467289719626,48.94105504587156,34.5637,5.5981,-39.88467289719626,84.23328332031494,6,2021-06-01,0.2,深交所,可转债
113606.SH,荣泰转债,2022-05-31,110.6,110.75,111.88,110.33,111.57,0.97,0.8770343580470162,214,0.410410958904,4.416438356164384,0.6274088016491889,1.8371,92.52578178,19.04421822,20.58260719729095,32.83,3.045994517209869,77.42918062747486,34.14081937252513,44.09296223446106,15.2543,1.9823,-34.14081937252513,83.68389776114451,6,2020-10-30,0.5,上交所,可转债
113048.SH,晶科转债,2022-05-31,125.39,128.5,129.5,125.2,126.48,1.09,0.8692878219953745,39,0.053424657534,4.895890410958904,0.3953194180898166,-1.6405,96.67556279,29.80443721,30.82933923512978,5.46,18.31501831501831,96.88644688644689,29.59355311355311,30.54457466918715,-63.9579,1.2964,-29.59355311355311,100.2181358870441,6,2021-04-23,0.3,上交所,可转债
123142.SZ,申昊转债,2022-05-31,116.5,116.3,117.54,116,117.497,0.997,0.855793991416309,75,0.061643835616,5.797260273972603,0.2553256678893929,-0.2251,71.70911909,45.78788091,63.85224291004465,34.11,2.931691586045148,76.60510114335972,40.89189885664028,53.3801251435132,706.194,2.9396,-40.89189885664028,106.8275584967303,6,2022-03-18,0.3,深交所,可转债
123115.SZ,捷捷转债,2022-05-31,115.14,114.9,116.09,114.7,116.09,0.95,0.8250825082508251,358,0.392328767123,5.021917808219178,0.3445602549745887,0.4188,87.32672351,28.76327649,32.93754229391905,29,3.448275862068965,71.24137931034483,44.84862068965517,62.95304937076476,37.9082,4.958,-44.84862068965517,81.58027284991037,6,2021-06-08,0.4,深交所,可转债
128135.SZ,洽洽转债,2022-05-31,123.88,123.5,125.262,122.6,124.901,1.021,0.8241846948659993,224,0.368219178082,4.389041095890411,0.4803804613253697,-0.9447,101.47104051,23.42995949,23.0902919416609,60.03,1.665833749791771,92.43711477594536,32.46388522405464,35.11996810236079,33.8539,5.8455,-32.46388522405464,91.0970404081307,6,2020-10-20,0.3,深交所,可转债
123078.SZ,飞凯转债,2022-05-31,153.334,153,155.536,150.05,154.596,1.262,0.8230398998265225,186,0.305753424658,4.493150684931507,0.3881083598540713,-6.5057,96.79466699,57.80133301,59.71541078391389,15.56,6.426735218508997,138.1748071979434,16.42119280205656,11.88436093023256,20.4794,3.2882,-16.42119280205656,142.75043398023,6,2020-11-27,0.3,深交所,可转债
128035.SZ,大族转债,2022-05-31,108.44,108.49,109.3,108.19,109.298,0.858,0.7912209516783475,115,0.504109589041,1.687671232876712,1.463887719811891,-1.4831,102.07256557,7.22543443,7.078723249142684,51.79,1.930874686232863,57.55937439660166,51.73862560339834,89.88740087219054,23.5808,2.1925,-51.73862560339834,56.39064137868486,6,2018-02-06,0.2,深交所,可转债
128109.SZ,楚江转债,2022-05-31,125.808,126.133,127.427,125.18,126.8,0.992,0.7885031158590868,362,0.595068493151,4.010958904109589,0.473186119873817,-2.4796,99.22927526,27.57072474,27.78486960401488,8.63,11.58748551564311,95.24913093858633,31.55086906141368,33.12457420924574,24.0555,1.8034,-31.55086906141368,95.98894145806777,6,2020-06-04,0.4,深交所,可转债
127037.SZ,银轮转债,2022-05-31,119.074,119.28,120.797,118.6,120,0.926,0.777667668844584,359,0.295068493151,5.019178082191781,0.25,-0.8434,94.81830528,25.18169472,26.55784096292171,10.77,9.285051067780874,82.07985143918292,37.92014856081708,46.19909502262443,24.9212,1.6297,-37.92014856081708,86.5654065391696,6,2021-06-07,0.3,深交所,可转债
110068.SH,龙净转债,2022-05-31,124.91,126.3,128.2,123.5,125.88,0.97,0.7765591225682491,69,0.18904109589,3.813698630136986,0.7944073721004131,-2.5424,101.54139586,24.33860414,23.96914473537158,10.55,9.47867298578199,115.4502369668247,10.42976303317536,9.033990147783252,18.3092,1.9155,-10.42976303317536,113.6977052452592,6,2020-03-24,0.2,上交所,可转债
123072.SZ,乐歌转债,2022-05-31,129.2,129.49,132.389,129.01,130.2,1,0.7739938080495357,223,0.488767123288,4.391780821917808,0.6144393241167435,-0.1993,90.51908414,39.68091586,43.83707174790688,48.98,2.041649652919559,34.99387505104124,95.20612494895876,272.0651108518086,52.4996,2.0103,-95.20612494895876,38.65911302959991,6,2020-10-21,0.5,深交所,可转债
127058.SZ,科伦转债,2022-05-31,121.95,121.6,123.181,121.121,122.888,0.938,0.7691676916769168,75,0.041095890411,5.797260273972603,0.1627498209751969,-1.533,92.35839822,30.52960178,33.05557736858724,16.69,5.991611743559018,106.7106051527861,16.1773948472139,15.16006288601909,21.782,1.7964,-16.1773948472139,115.5396880082294,6,2022-03-18,0.2,深交所,可转债
128140.SZ,润建转债,2022-05-31,141.58,142.22,143.5,141.228,142.665,1.085,0.7663511795451335,176,0.289315068493,1.227397260273973,0.4205656608137945,-4.761,96.59381009,46.07118991,47.695799417244,26.4,3.787878787878788,116.6666666666667,25.99833333333334,22.28428571428572,17.1721,1.7856,-25.99833333333334,120.7806862137067,6,2020-12-07,0.3,深交所,可转债
128128.SZ,齐翔转2,2022-05-31,148.849,148.849,150.31,147.591,149.9,1.051,0.7060846898534757,285,0.468493150685,4.221917808219178,0.400266844563042,-6.2026,98.1817028,51.7182972,52.67610534862306,5.69,17.57469244288225,139.0158172231986,10.88418277680141,7.829456384323641,10.1133,1.7003,-10.88418277680141,141.5903506036958,6,2020-08-20,0.3,深交所,可转债
128119.SZ,龙大转债,2022-05-31,123.4,123.301,124.456,123.135,124.254,0.854,0.6920583468395461,323,0.53095890411,4.117808219178082,0.4828818388140422,-0.8804,93.90738671,30.34661329,32.31546990410335,9.28,10.77586206896552,106.8965517241379,17.35744827586207,16.23761290322581,114.5544,3.4593,-17.35744827586207,113.8318884905725,6,2020-07-13,0.3,深交所,可转债
128036.SZ,金农转债,2022-05-31,142.1,141.433,147.9,140.9,143.082,0.982,0.6910626319493315,84,0.414246575342,1.772602739726027,1.258019876714052,-14.8823,88.57452148,54.50747852,61.53855263255101,6.93,14.43001443001443,91.77489177489177,51.30710822510822,55.90538679245283,-7.3933,2.9981,-51.30710822510822,103.6131951281435,6,2018-03-09,0.4,深交所,可转债
123092.SZ,天壕转债,2022-05-31,176.998,176.9,178.6,173.712,178.2,1.202,0.6791037186860869,159,0.304931506849,4.567123287671233,0.3928170594837261,-8.2706,83.28103008,94.91896992,113.9742986233727,5.19,19.26782273603083,174.7591522157996,3.440847784200385,1.96890848952591,15.1036,2.1622,-3.440847784200385,209.8426881222836,6,2020-12-24,0.5,深交所,可转债
118001.SH,金博转债,2022-05-31,124.91,124.91,126.65,124,125.74,0.83,0.6644784244656152,313,0.428767123288,0.3232876712328767,0.3976459360585335,-0.6642,97.92275341,27.81724659,28.40733702976051,270.29,0.3699729919715861,89.94043434829257,35.79956565170743,39.80363883175648,24.0504,9.3948,-35.79956565170743,91.84835108926558,6,2021-07-23,0.5,上交所,可转债
110056.SH,亨通转债,2022-05-31,120.41,120.16,122.5,120.16,121.21,0.8,0.6643966447969438,74,0.304109589041,0.5178082191780822,0.8883032165391469,-2.4168,99.5753159,21.6346841,21.72695502339852,14.95,6.688963210702341,82.0066889632107,39.2033110367893,47.80501631321371,21.0439,1.39,-39.2033110367893,82.35644368486578,6,2019-03-18,0.3,上交所,可转债
113057.SH,中银转债,2022-05-31,112.24,112.21,113.24,111.73,112.98,0.74,0.6593014967925873,69,0.037808219178,1.553424657534247,0.1770224818551956,-0.4646,95.59396237,17.38603763,18.18738045683962,10.24,9.765625,86.328125,26.651875,30.87276018099547,14.4046,1.0476,-26.651875,90.30708933882642,6,2022-03-24,0.2,上交所,可转债
128044.SZ,岭南转债,2022-05-31,113.552,113.553,114.319,112.901,114.297,0.745,0.6560870790474849,291,1.195890410959,2.205479452054795,1.312370403422662,-1.6326,89.86281421,24.43418579,27.19054149906753,3.43,29.15451895043732,88.33819241982508,25.95880758017493,29.38571287128713,-21.3528,1.0961,-25.95880758017493,98.30338966837601,6,2018-08-14,0.3,深交所,可转债
127054.SZ,双箭转债,2022-05-31,113.461,113.51,114.3,112.8,114.198,0.737,0.6495624047029376,110,0.090410958904,5.701369863013698,0.2627016234960332,0.4488,93.71249006,20.48550994,21.8599569031663,7.71,12.97016861219196,80.54474708171206,33.65325291828794,41.7820579710145,19.6717,1.3161,-33.65325291828794,85.94878551422846,6,2022-02-11,0.3,深交所,可转债
123116.SZ,万兴转债,2022-05-31,116.146,116.122,117.268,115.931,116.9,0.754,0.6491829249393005,357,0.391232876712,0.9643835616438357,0.3421727972626176,0.7724,93.19427123,23.70572877,25.43689484034393,49.79,2.008435428800964,59.22876079534043,57.67123920465957,97.37032892505934,-269.2056,4.4785,-57.67123920465957,63.55407903686059,6,2021-06-09,0.4,深交所,可转债
--,--,--,--,--,--,--,--,--,--,--,--,--,--,--,--,--,--,--,--,--,--,--,--,--,--,--,--,--,--,--,--
--,--,--,--,--,--,--,--,--,--,--,--,--,--,--,--,--,--,--,--,--,--,--,--,--,--,--,--,--,--,--,--
--,--,--,--,--,--,--,--,--,--,--,--,--,--,--,--,--,--,--,--,--,--,--,--,--,--,--,--,--,--,--,--
--,--,--,--,--,--,--,--,--,--,--,--,--,--,--,--,--,--,--,--,--,--,--,--,--,--,--,--,--,--,--,--
--,--,--,--,--,--,--,--,--,--,--,--,--,--,--,--,--,--,--,--,--,--,--,--,--,--,--,--,--,--,--,--
--,--,--,--,--,--,--,--,--,--,--,--,--,--,--,--,--,--,--,--,--,--,--,--,--,--,--,--,--,--,--,--
--,--,--,--,--,--,--,--,--,--,--,--,--,--,--,--,--,--,--,--,--,--,--,--,--,--,--,--,--,--,--,--
--,--,--,--,--,--,--,--,--,--,--,--,--,--,--,--,--,--,--,--,--,--,--,--,--,--,--,--,--,--,--,--
--,--,--,--,--,--,--,--,--,--,--,--,--,--,--,--,--,--,--,--,--,--,--,--,--,--,--,--,--,--,--,--
--,--,--,--,--,--,--,--,--,--,--,--,--,--,--,--,--,--,--,--,--,--,--,--,--,--,--,--,--,--,--,--
--,--,--,--,--,--,--,--,--,--,--,--,--,--,--,--,--,--,--,--,--,--,--,--,--,--,--,--,--,--,--,--
--,--,--,--,--,--,--,--,--,--,--,--,--,--,--,--,--,--,--,--,--,--,--,--,--,--,--,--,--,--,--,--
--,--,--,--,--,--,--,--,--,--,--,--,--,--,--,--,--,--,--,--,--,--,--,--,--,--,--,--,--,--,--,--
--,--,--,--,--,--,--,--,--,--,--,--,--,--,--,--,--,--,--,--,--,--,--,--,--,--,--,--,--,--,--,--
--,--,--,--,--,--,--,--,--,--,--,--,--,--,--,--,--,--,--,--,--,--,--,--,--,--,--,--,--,--,--,--
--,--,--,--,--,--,--,--,--,--,--,--,--,--,--,--,--,--,--,--,--,--,--,--,--,--,--,--,--,--,--,--
--,--,--,--,--,--,--,--,--,--,--,--,--,--,--,--,--,--,--,--,--,--,--,--,--,--,--,--,--,--,--,--
--,--,--,--,--,--,--,--,--,--,--,--,--,--,--,--,--,--,--,--,--,--,--,--,--,--,--,--,--,--,--,--
--,--,--,--,--,--,--,--,--,--,--,--,--,--,--,--,--,--,--,--,--,--,--,--,--,--,--,--,--,--,--,--
--,--,--,--,--,--,--,--,--,--,--,--,--,--,--,--,--,--,--,--,--,--,--,--,--,--,--,--,--,--,--,--
--,--,--,--,--,--,--,--,--,--,--,--,--,--,--,--,--,--,--,--,--,--,--,--,--,--,--,--,--,--,--,--
--,--,--,--,--,--,--,--,--,--,--,--,--,--,--,--,--,--,--,--,--,--,--,--,--,--,--,--,--,--,--,--
--,--,--,--,--,--,--,--,--,--,--,--,--,--,--,--,--,--,--,--,--,--,--,--,--,--,--,--,--,--,--,--
--,--,--,--,--,--,--,--,--,--,--,--,--,--,--,--,--,--,--,--,--,--,--,--,--,--,--,--,--,--,--,--
--,--,--,--,--,--,--,--,--,--,--,--,--,--,--,--,--,--,--,--,--,--,--,--,--,--,--,--,--,--,--,--
--,--,--,--,--,--,--,--,--,--,--,--,--,--,--,--,--,--,--,--,--,--,--,--,--,--,--,--,--,--,--,--
--,--,--,--,--,--,--,--,--,--,--,--,--,--,--,--,--,--,--,--,--,--,--,--,--,--,--,--,--,--,--,--
--,--,--,--,--,--,--,--,--,--,--,--,--,--,--,--,--,--,--,--,--,--,--,--,--,--,--,--,--,--,--,--
--,--,--,--,--,--,--,--,--,--,--,--,--,--,--,--,--,--,--,--,--,--,--,--,--,--,--,--,--,--,--,--
--,--,--,--,--,--,--,--,--,--,--,--,--,--,--,--,--,--,--,--,--,--,--,--,--,--,--,--,--,--,--,--
--,--,--,--,--,--,--,--,--,--,--,--,--,--,--,--,--,--,--,--,--,--,--,--,--,--,--,--,--,--,--,--
--,--,--,--,--,--,--,--,--,--,--,--,--,--,--,--,--,--,--,--,--,--,--,--,--,--,--,--,--,--,--,--
--,--,--,--,--,--,--,--,--,--,--,--,--,--,--,--,--,--,--,--,--,--,--,--,--,--,--,--,--,--,--,--
--,--,--,--,--,--,--,--,--,--,--,--,--,--,--,--,--,--,--,--,--,--,--,--,--,--,--,--,--,--,--,--
--,--,--,--,--,--,--,--,--,--,--,--,--,--,--,--,--,--,--,--,--,--,--,--,--,--,--,--,--,--,--,--
--,--,--,--,--,--,--,--,--,--,--,--,--,--,--,--,--,--,--,--,--,--,--,--,--,--,--,--,--,--,--,--
--,--,--,--,--,--,--,--,--,--,--,--,--,--,--,--,--,--,--,--,--,--,--,--,--,--,--,--,--,--,--,--
--,--,--,--,--,--,--,--,--,--,--,--,--,--,--,--,--,--,--,--,--,--,--,--,--,--,--,--,--,--,--,--
--,--,--,--,--,--,--,--,--,--,--,--,--,--,--,--,--,--,--,--,--,--,--,--,--,--,--,--,--,--,--,--
--,--,--,--,--,--,--,--,--,--,--,--,--,--,--,--,--,--,--,--,--,--,--,--,--,--,--,--,--,--,--,--
--,--,--,--,--,--,--,--,--,--,--,--,--,--,--,--,--,--,--,--,--,--,--,--,--,--,--,--,--,--,--,--
--,--,--,--,--,--,--,--,--,--,--,--,--,--,--,--,--,--,--,--,--,--,--,--,--,--,--,--,--,--,--,--
--,--,--,--,--,--,--,--,--,--,--,--,--,--,--,--,--,--,--,--,--,--,--,--,--,--,--,--,--,--,--,--
--,--,--,--,--,--,--,--,--,--,--,--,--,--,--,--,--,--,--,--,--,--,--,--,--,--,--,--,--,--,--,--
--,--,--,--,--,--,--,--,--,--,--,--,--,--,--,--,--,--,--,--,--,--,--,--,--,--,--,--,--,--,--,--
--,--,--,--,--,--,--,--,--,--,--,--,--,--,--,--,--,--,--,--,--,--,--,--,--,--,--,--,--,--,--,--
--,--,--,--,--,--,--,--,--,--,--,--,--,--,--,--,--,--,--,--,--,--,--,--,--,--,--,--,--,--,--,--
--,--,--,--,--,--,--,--,--,--,--,--,--,--,--,--,--,--,--,--,--,--,--,--,--,--,--,--,--,--,--,--
--,--,--,--,--,--,--,--,--,--,--,--,--,--,--,--,--,--,--,--,--,--,--,--,--,--,--,--,--,--,--,--
--,--,--,--,--,--,--,--,--,--,--,--,--,--,--,--,--,--,--,--,--,--,--,--,--,--,--,--,--,--,--,--
--,--,--,--,--,--,--,--,--,--,--,--,--,--,--,--,--,--,--,--,--,--,--,--,--,--,--,--,--,--,--,--
--,--,--,--,--,--,--,--,--,--,--,--,--,--,--,--,--,--,--,--,--,--,--,--,--,--,--,--,--,--,--,--
--,--,--,--,--,--,--,--,--,--,--,--,--,--,--,--,--,--,--,--,--,--,--,--,--,--,--,--,--,--,--,--
--,--,--,--,--,--,--,--,--,--,--,--,--,--,--,--,--,--,--,--,--,--,--,--,--,--,--,--,--,--,--,--
--,--,--,--,--,--,--,--,--,--,--,--,--,--,--,--,--,--,--,--,--,--,--,--,--,--,--,--,--,--,--,--
--,--,--,--,--,--,--,--,--,--,--,--,--,--,--,--,--,--,--,--,--,--,--,--,--,--,--,--,--,--,--,--
--,--,--,--,--,--,--,--,--,--,--,--,--,--,--,--,--,--,--,--,--,--,--,--,--,--,--,--,--,--,--,--
--,--,--,--,--,--,--,--,--,--,--,--,--,--,--,--,--,--,--,--,--,--,--,--,--,--,--,--,--,--,--,--
--,--,--,--,--,--,--,--,--,--,--,--,--,--,--,--,--,--,--,--,--,--,--,--,--,--,--,--,--,--,--,--
--,--,--,--,--,--,--,--,--,--,--,--,--,--,--,--,--,--,--,--,--,--,--,--,--,--,--,--,--,--,--,--
--,--,--,--,--,--,--,--,--,--,--,--,--,--,--,--,--,--,--,--,--,--,--,--,--,--,--,--,--,--,--,--
--,--,--,--,--,--,--,--,--,--,--,--,--,--,--,--,--,--,--,--,--,--,--,--,--,--,--,--,--,--,--,--
--,--,--,--,--,--,--,--,--,--,--,--,--,--,--,--,--,--,--,--,--,--,--,--,--,--,--,--,--,--,--,--
--,--,--,--,--,--,--,--,--,--,--,--,--,--,--,--,--,--,--,--,--,--,--,--,--,--,--,--,--,--,--,--
--,--,--,--,--,--,--,--,--,--,--,--,--,--,--,--,--,--,--,--,--,--,--,--,--,--,--,--,--,--,--,--
--,--,--,--,--,--,--,--,--,--,--,--,--,--,--,--,--,--,--,--,--,--,--,--,--,--,--,--,--,--,--,--
--,--,--,--,--,--,--,--,--,--,--,--,--,--,--,--,--,--,--,--,--,--,--,--,--,--,--,--,--,--,--,--
--,--,--,--,--,--,--,--,--,--,--,--,--,--,--,--,--,--,--,--,--,--,--,--,--,--,--,--,--,--,--,--
--,--,--,--,--,--,--,--,--,--,--,--,--,--,--,--,--,--,--,--,--,--,--,--,--,--,--,--,--,--,--,--
--,--,--,--,--,--,--,--,--,--,--,--,--,--,--,--,--,--,--,--,--,--,--,--,--,--,--,--,--,--,--,--
--,--,--,--,--,--,--,--,--,--,--,--,--,--,--,--,--,--,--,--,--,--,--,--,--,--,--,--,--,--,--,--
--,--,--,--,--,--,--,--,--,--,--,--,--,--,--,--,--,--,--,--,--,--,--,--,--,--,--,--,--,--,--,--
--,--,--,--,--,--,--,--,--,--,--,--,--,--,--,--,--,--,--,--,--,--,--,--,--,--,--,--,--,--,--,--
--,--,--,--,--,--,--,--,--,--,--,--,--,--,--,--,--,--,--,--,--,--,--,--,--,--,--,--,--,--,--,--
--,--,--,--,--,--,--,--,--,--,--,--,--,--,--,--,--,--,--,--,--,--,--,--,--,--,--,--,--,--,--,--
--,--,--,--,--,--,--,--,--,--,--,--,--,--,--,--,--,--,--,--,--,--,--,--,--,--,--,--,--,--,--,--
--,--,--,--,--,--,--,--,--,--,--,--,--,--,--,--,--,--,--,--,--,--,--,--,--,--,--,--,--,--,--,--
--,--,--,--,--,--,--,--,--,--,--,--,--,--,--,--,--,--,--,--,--,--,--,--,--,--,--,--,--,--,--,--
--,--,--,--,--,--,--,--,--,--,--,--,--,--,--,--,--,--,--,--,--,--,--,--,--,--,--,--,--,--,--,--
--,--,--,--,--,--,--,--,--,--,--,--,--,--,--,--,--,--,--,--,--,--,--,--,--,--,--,--,--,--,--,--
--,--,--,--,--,--,--,--,--,--,--,--,--,--,--,--,--,--,--,--,--,--,--,--,--,--,--,--,--,--,--,--
--,--,--,--,--,--,--,--,--,--,--,--,--,--,--,--,--,--,--,--,--,--,--,--,--,--,--,--,--,--,--,--
--,--,--,--,--,--,--,--,--,--,--,--,--,--,--,--,--,--,--,--,--,--,--,--,--,--,--,--,--,--,--,--
--,--,--,--,--,--,--,--,--,--,--,--,--,--,--,--,--,--,--,--,--,--,--,--,--,--,--,--,--,--,--,--
--,--,--,--,--,--,--,--,--,--,--,--,--,--,--,--,--,--,--,--,--,--,--,--,--,--,--,--,--,--,--,--
--,--,--,--,--,--,--,--,--,--,--,--,--,--,--,--,--,--,--,--,--,--,--,--,--,--,--,--,--,--,--,--
--,--,--,--,--,--,--,--,--,--,--,--,--,--,--,--,--,--,--,--,--,--,--,--,--,--,--,--,--,--,--,--
--,--,--,--,--,--,--,--,--,--,--,--,--,--,--,--,--,--,--,--,--,--,--,--,--,--,--,--,--,--,--,--
--,--,--,--,--,--,--,--,--,--,--,--,--,--,--,--,--,--,--,--,--,--,--,--,--,--,--,--,--,--,--,--
--,--,--,--,--,--,--,--,--,--,--,--,--,--,--,--,--,--,--,--,--,--,--,--,--,--,--,--,--,--,--,--
--,--,--,--,--,--,--,--,--,--,--,--,--,--,--,--,--,--,--,--,--,--,--,--,--,--,--,--,--,--,--,--
--,--,--,--,--,--,--,--,--,--,--,--,--,--,--,--,--,--,--,--,--,--,--,--,--,--,--,--,--,--,--,--
--,--,--,--,--,--,--,--,--,--,--,--,--,--,--,--,--,--,--,--,--,--,--,--,--,--,--,--,--,--,--,--
--,--,--,--,--,--,--,--,--,--,--,--,--,--,--,--,--,--,--,--,--,--,--,--,--,--,--,--,--,--,--,--
--,--,--,--,--,--,--,--,--,--,--,--,--,--,--,--,--,--,--,--,--,--,--,--,--,--,--,--,--,--,--,--
--,--,--,--,--,--,--,--,--,--,--,--,--,--,--,--,--,--,--,--,--,--,--,--,--,--,--,--,--,--,--,--
--,--,--,--,--,--,--,--,--,--,--,--,--,--,--,--,--,--,--,--,--,--,--,--,--,--,--,--,--,--,--,--
--,--,--,--,--,--,--,--,--,--,--,--,--,--,--,--,--,--,--,--,--,--,--,--,--,--,--,--,--,--,--,--
--,--,--,--,--,--,--,--,--,--,--,--,--,--,--,--,--,--,--,--,--,--,--,--,--,--,--,--,--,--,--,--
--,--,--,--,--,--,--,--,--,--,--,--,--,--,--,--,--,--,--,--,--,--,--,--,--,--,--,--,--,--,--,--
--,--,--,--,--,--,--,--,--,--,--,--,--,--,--,--,--,--,--,--,--,--,--,--,--,--,--,--,--,--,--,--
--,--,--,--,--,--,--,--,--,--,--,--,--,--,--,--,--,--,--,--,--,--,--,--,--,--,--,--,--,--,--,--
--,--,--,--,--,--,--,--,--,--,--,--,--,--,--,--,--,--,--,--,--,--,--,--,--,--,--,--,--,--,--,--
--,--,--,--,--,--,--,--,--,--,--,--,--,--,--,--,--,--,--,--,--,--,--,--,--,--,--,--,--,--,--,--
--,--,--,--,--,--,--,--,--,--,--,--,--,--,--,--,--,--,--,--,--,--,--,--,--,--,--,--,--,--,--,--
--,--,--,--,--,--,--,--,--,--,--,--,--,--,--,--,--,--,--,--,--,--,--,--,--,--,--,--,--,--,--,--
--,--,--,--,--,--,--,--,--,--,--,--,--,--,--,--,--,--,--,--,--,--,--,--,--,--,--,--,--,--,--,--
--,--,--,--,--,--,--,--,--,--,--,--,--,--,--,--,--,--,--,--,--,--,--,--,--,--,--,--,--,--,--,--
--,--,--,--,--,--,--,--,--,--,--,--,--,--,--,--,--,--,--,--,--,--,--,--,--,--,--,--,--,--,--,--
--,--,--,--,--,--,--,--,--,--,--,--,--,--,--,--,--,--,--,--,--,--,--,--,--,--,--,--,--,--,--,--
--,--,--,--,--,--,--,--,--,--,--,--,--,--,--,--,--,--,--,--,--,--,--,--,--,--,--,--,--,--,--,--
--,--,--,--,--,--,--,--,--,--,--,--,--,--,--,--,--,--,--,--,--,--,--,--,--,--,--,--,--,--,--,--
--,--,--,--,--,--,--,--,--,--,--,--,--,--,--,--,--,--,--,--,--,--,--,--,--,--,--,--,--,--,--,--
--,--,--,--,--,--,--,--,--,--,--,--,--,--,--,--,--,--,--,--,--,--,--,--,--,--,--,--,--,--,--,--
--,--,--,--,--,--,--,--,--,--,--,--,--,--,--,--,--,--,--,--,--,--,--,--,--,--,--,--,--,--,--,--
--,--,--,--,--,--,--,--,--,--,--,--,--,--,--,--,--,--,--,--,--,--,--,--,--,--,--,--,--,--,--,--
--,--,--,--,--,--,--,--,--,--,--,--,--,--,--,--,--,--,--,--,--,--,--,--,--,--,--,--,--,--,--,--
--,--,--,--,--,--,--,--,--,--,--,--,--,--,--,--,--,--,--,--,--,--,--,--,--,--,--,--,--,--,--,--
--,--,--,--,--,--,--,--,--,--,--,--,--,--,--,--,--,--,--,--,--,--,--,--,--,--,--,--,--,--,--,--
--,--,--,--,--,--,--,--,--,--,--,--,--,--,--,--,--,--,--,--,--,--,--,--,--,--,--,--,--,--,--,--
--,--,--,--,--,--,--,--,--,--,--,--,--,--,--,--,--,--,--,--,--,--,--,--,--,--,--,--,--,--,--,--
--,--,--,--,--,--,--,--,--,--,--,--,--,--,--,--,--,--,--,--,--,--,--,--,--,--,--,--,--,--,--,--
--,--,--,--,--,--,--,--,--,--,--,--,--,--,--,--,--,--,--,--,--,--,--,--,--,--,--,--,--,--,--,--
--,--,--,--,--,--,--,--,--,--,--,--,--,--,--,--,--,--,--,--,--,--,--,--,--,--,--,--,--,--,--,--
--,--,--,--,--,--,--,--,--,--,--,--,--,--,--,--,--,--,--,--,--,--,--,--,--,--,--,--,--,--,--,--
--,--,--,--,--,--,--,--,--,--,--,--,--,--,--,--,--,--,--,--,--,--,--,--,--,--,--,--,--,--,--,--
--,--,--,--,--,--,--,--,--,--,--,--,--,--,--,--,--,--,--,--,--,--,--,--,--,--,--,--,--,--,--,--
--,--,--,--,--,--,--,--,--,--,--,--,--,--,--,--,--,--,--,--,--,--,--,--,--,--,--,--,--,--,--,--
--,--,--,--,--,--,--,--,--,--,--,--,--,--,--,--,--,--,--,--,--,--,--,--,--,--,--,--,--,--,--,--
--,--,--,--,--,--,--,--,--,--,--,--,--,--,--,--,--,--,--,--,--,--,--,--,--,--,--,--,--,--,--,--
--,--,--,--,--,--,--,--,--,--,--,--,--,--,--,--,--,--,--,--,--,--,--,--,--,--,--,--,--,--,--,--
--,--,--,--,--,--,--,--,--,--,--,--,--,--,--,--,--,--,--,--,--,--,--,--,--,--,--,--,--,--,--,--
--,--,--,--,--,--,--,--,--,--,--,--,--,--,--,--,--,--,--,--,--,--,--,--,--,--,--,--,--,--,--,--
--,--,--,--,--,--,--,--,--,--,--,--,--,--,--,--,--,--,--,--,--,--,--,--,--,--,--,--,--,--,--,--
--,--,--,--,--,--,--,--,--,--,--,--,--,--,--,--,--,--,--,--,--,--,--,--,--,--,--,--,--,--,--,--
--,--,--,--,--,--,--,--,--,--,--,--,--,--,--,--,--,--,--,--,--,--,--,--,--,--,--,--,--,--,--,--
--,--,--,--,--,--,--,--,--,--,--,--,--,--,--,--,--,--,--,--,--,--,--,--,--,--,--,--,--,--,--,--
--,--,--,--,--,--,--,--,--,--,--,--,--,--,--,--,--,--,--,--,--,--,--,--,--,--,--,--,--,--,--,--
--,--,--,--,--,--,--,--,--,--,--,--,--,--,--,--,--,--,--,--,--,--,--,--,--,--,--,--,--,--,--,--
--,--,--,--,--,--,--,--,--,--,--,--,--,--,--,--,--,--,--,--,--,--,--,--,--,--,--,--,--,--,--,--
--,--,--,--,--,--,--,--,--,--,--,--,--,--,--,--,--,--,--,--,--,--,--,--,--,--,--,--,--,--,--,--
--,--,--,--,--,--,--,--,--,--,--,--,--,--,--,--,--,--,--,--,--,--,--,--,--,--,--,--,--,--,--,--
--,--,--,--,--,--,--,--,--,--,--,--,--,--,--,--,--,--,--,--,--,--,--,--,--,--,--,--,--,--,--,--
--,--,--,--,--,--,--,--,--,--,--,--,--,--,--,--,--,--,--,--,--,--,--,--,--,--,--,--,--,--,--,--
--,--,--,--,--,--,--,--,--,--,--,--,--,--,--,--,--,--,--,--,--,--,--,--,--,--,--,--,--,--,--,--
--,--,--,--,--,--,--,--,--,--,--,--,--,--,--,--,--,--,--,--,--,--,--,--,--,--,--,--,--,--,--,--
--,--,--,--,--,--,--,--,--,--,--,--,--,--,--,--,--,--,--,--,--,--,--,--,--,--,--,--,--,--,--,--
--,--,--,--,--,--,--,--,--,--,--,--,--,--,--,--,--,--,--,--,--,--,--,--,--,--,--,--,--,--,--,--
--,--,--,--,--,--,--,--,--,--,--,--,--,--,--,--,--,--,--,--,--,--,--,--,--,--,--,--,--,--,--,--
--,--,--,--,--,--,--,--,--,--,--,--,--,--,--,--,--,--,--,--,--,--,--,--,--,--,--,--,--,--,--,--
--,--,--,--,--,--,--,--,--,--,--,--,--,--,--,--,--,--,--,--,--,--,--,--,--,--,--,--,--,--,--,--
--,--,--,--,--,--,--,--,--,--,--,--,--,--,--,--,--,--,--,--,--,--,--,--,--,--,--,--,--,--,--,--
--,--,--,--,--,--,--,--,--,--,--,--,--,--,--,--,--,--,--,--,--,--,--,--,--,--,--,--,--,--,--,--
--,--,--,--,--,--,--,--,--,--,--,--,--,--,--,--,--,--,--,--,--,--,--,--,--,--,--,--,--,--,--,--
--,--,--,--,--,--,--,--,--,--,--,--,--,--,--,--,--,--,--,--,--,--,--,--,--,--,--,--,--,--,--,--
--,--,--,--,--,--,--,--,--,--,--,--,--,--,--,--,--,--,--,--,--,--,--,--,--,--,--,--,--,--,--,--
--,--,--,--,--,--,--,--,--,--,--,--,--,--,--,--,--,--,--,--,--,--,--,--,--,--,--,--,--,--,--,--
--,--,--,--,--,--,--,--,--,--,--,--,--,--,--,--,--,--,--,--,--,--,--,--,--,--,--,--,--,--,--,--
--,--,--,--,--,--,--,--,--,--,--,--,--,--,--,--,--,--,--,--,--,--,--,--,--,--,--,--,--,--,--,--
--,--,--,--,--,--,--,--,--,--,--,--,--,--,--,--,--,--,--,--,--,--,--,--,--,--,--,--,--,--,--,--
--,--,--,--,--,--,--,--,--,--,--,--,--,--,--,--,--,--,--,--,--,--,--,--,--,--,--,--,--,--,--,--
--,--,--,--,--,--,--,--,--,--,--,--,--,--,--,--,--,--,--,--,--,--,--,--,--,--,--,--,--,--,--,--
--,--,--,--,--,--,--,--,--,--,--,--,--,--,--,--,--,--,--,--,--,--,--,--,--,--,--,--,--,--,--,--
--,--,--,--,--,--,--,--,--,--,--,--,--,--,--,--,--,--,--,--,--,--,--,--,--,--,--,--,--,--,--,--
--,--,--,--,--,--,--,--,--,--,--,--,--,--,--,--,--,--,--,--,--,--,--,--,--,--,--,--,--,--,--,--
--,--,--,--,--,--,--,--,--,--,--,--,--,--,--,--,--,--,--,--,--,--,--,--,--,--,--,--,--,--,--,--
--,--,--,--,--,--,--,--,--,--,--,--,--,--,--,--,--,--,--,--,--,--,--,--,--,--,--,--,--,--,--,--
--,--,--,--,--,--,--,--,--,--,--,--,--,--,--,--,--,--,--,--,--,--,--,--,--,--,--,--,--,--,--,--
--,--,--,--,--,--,--,--,--,--,--,--,--,--,--,--,--,--,--,--,--,--,--,--,--,--,--,--,--,--,--,--
--,--,--,--,--,--,--,--,--,--,--,--,--,--,--,--,--,--,--,--,--,--,--,--,--,--,--,--,--,--,--,--
--,--,--,--,--,--,--,--,--,--,--,--,--,--,--,--,--,--,--,--,--,--,--,--,--,--,--,--,--,--,--,--
--,--,--,--,--,--,--,--,--,--,--,--,--,--,--,--,--,--,--,--,--,--,--,--,--,--,--,--,--,--,--,--
--,--,--,--,--,--,--,--,--,--,--,--,--,--,--,--,--,--,--,--,--,--,--,--,--,--,--,--,--,--,--,--
--,--,--,--,--,--,--,--,--,--,--,--,--,--,--,--,--,--,--,--,--,--,--,--,--,--,--,--,--,--,--,--
--,--,--,--,--,--,--,--,--,--,--,--,--,--,--,--,--,--,--,--,--,--,--,--,--,--,--,--,--,--,--,--
--,--,--,--,--,--,--,--,--,--,--,--,--,--,--,--,--,--,--,--,--,--,--,--,--,--,--,--,--,--,--,--
--,--,--,--,--,--,--,--,--,--,--,--,--,--,--,--,--,--,--,--,--,--,--,--,--,--,--,--,--,--,--,--
--,--,--,--,--,--,--,--,--,--,--,--,--,--,--,--,--,--,--,--,--,--,--,--,--,--,--,--,--,--,--,--
--,--,--,--,--,--,--,--,--,--,--,--,--,--,--,--,--,--,--,--,--,--,--,--,--,--,--,--,--,--,--,--
--,--,--,--,--,--,--,--,--,--,--,--,--,--,--,--,--,--,--,--,--,--,--,--,--,--,--,--,--,--,--,--
--,--,--,--,--,--,--,--,--,--,--,--,--,--,--,--,--,--,--,--,--,--,--,--,--,--,--,--,--,--,--,--
--,--,--,--,--,--,--,--,--,--,--,--,--,--,--,--,--,--,--,--,--,--,--,--,--,--,--,--,--,--,--,--
--,--,--,--,--,--,--,--,--,--,--,--,--,--,--,--,--,--,--,--,--,--,--,--,--,--,--,--,--,--,--,--
--,--,--,--,--,--,--,--,--,--,--,--,--,--,--,--,--,--,--,--,--,--,--,--,--,--,--,--,--,--,--,--
--,--,--,--,--,--,--,--,--,--,--,--,--,--,--,--,--,--,--,--,--,--,--,--,--,--,--,--,--,--,--,--
--,--,--,--,--,--,--,--,--,--,--,--,--,--,--,--,--,--,--,--,--,--,--,--,--,--,--,--,--,--,--,--
--,--,--,--,--,--,--,--,--,--,--,--,--,--,--,--,--,--,--,--,--,--,--,--,--,--,--,--,--,--,--,--
--,--,--,--,--,--,--,--,--,--,--,--,--,--,--,--,--,--,--,--,--,--,--,--,--,--,--,--,--,--,--,--
--,--,--,--,--,--,--,--,--,--,--,--,--,--,--,--,--,--,--,--,--,--,--,--,--,--,--,--,--,--,--,--
--,--,--,--,--,--,--,--,--,--,--,--,--,--,--,--,--,--,--,--,--,--,--,--,--,--,--,--,--,--,--,--
--,--,--,--,--,--,--,--,--,--,--,--,--,--,--,--,--,--,--,--,--,--,--,--,--,--,--,--,--,--,--,--
--,--,--,--,--,--,--,--,--,--,--,--,--,--,--,--,--,--,--,--,--,--,--,--,--,--,--,--,--,--,--,--
--,--,--,--,--,--,--,--,--,--,--,--,--,--,--,--,--,--,--,--,--,--,--,--,--,--,--,--,--,--,--,--
--,--,--,--,--,--,--,--,--,--,--,--,--,--,--,--,--,--,--,--,--,--,--,--,--,--,--,--,--,--,--,--
--,--,--,--,--,--,--,--,--,--,--,--,--,--,--,--,--,--,--,--,--,--,--,--,--,--,--,--,--,--,--,--
--,--,--,--,--,--,--,--,--,--,--,--,--,--,--,--,--,--,--,--,--,--,--,--,--,--,--,--,--,--,--,--
--,--,--,--,--,--,--,--,--,--,--,--,--,--,--,--,--,--,--,--,--,--,--,--,--,--,--,--,--,--,--,--
--,--,--,--,--,--,--,--,--,--,--,--,--,--,--,--,--,--,--,--,--,--,--,--,--,--,--,--,--,--,--,--
--,--,--,--,--,--,--,--,--,--,--,--,--,--,--,--,--,--,--,--,--,--,--,--,--,--,--,--,--,--,--,--
--,--,--,--,--,--,--,--,--,--,--,--,--,--,--,--,--,--,--,--,--,--,--,--,--,--,--,--,--,--,--,--
--,--,--,--,--,--,--,--,--,--,--,--,--,--,--,--,--,--,--,--,--,--,--,--,--,--,--,--,--,--,--,--
--,--,--,--,--,--,--,--,--,--,--,--,--,--,--,--,--,--,--,--,--,--,--,--,--,--,--,--,--,--,--,--
--,--,--,--,--,--,--,--,--,--,--,--,--,--,--,--,--,--,--,--,--,--,--,--,--,--,--,--,--,--,--,--
--,--,--,--,--,--,--,--,--,--,--,--,--,--,--,--,--,--,--,--,--,--,--,--,--,--,--,--,--,--,--,--
--,--,--,--,--,--,--,--,--,--,--,--,--,--,--,--,--,--,--,--,--,--,--,--,--,--,--,--,--,--,--,--
--,--,--,--,--,--,--,--,--,--,--,--,--,--,--,--,--,--,--,--,--,--,--,--,--,--,--,--,--,--,--,--
--,--,--,--,--,--,--,--,--,--,--,--,--,--,--,--,--,--,--,--,--,--,--,--,--,--,--,--,--,--,--,--
--,--,--,--,--,--,--,--,--,--,--,--,--,--,--,--,--,--,--,--,--,--,--,--,--,--,--,--,--,--,--,--
--,--,--,--,--,--,--,--,--,--,--,--,--,--,--,--,--,--,--,--,--,--,--,--,--,--,--,--,--,--,--,--
--,--,--,--,--,--,--,--,--,--,--,--,--,--,--,--,--,--,--,--,--,--,--,--,--,--,--,--,--,--,--,--
--,--,--,--,--,--,--,--,--,--,--,--,--,--,--,--,--,--,--,--,--,--,--,--,--,--,--,--,--,--,--,--
--,--,--,--,--,--,--,--,--,--,--,--,--,--,--,--,--,--,--,--,--,--,--,--,--,--,--,--,--,--,--,--
--,--,--,--,--,--,--,--,--,--,--,--,--,--,--,--,--,--,--,--,--,--,--,--,--,--,--,--,--,--,--,--
--,--,--,--,--,--,--,--,--,--,--,--,--,--,--,--,--,--,--,--,--,--,--,--,--,--,--,--,--,--,--,--
--,--,--,--,--,--,--,--,--,--,--,--,--,--,--,--,--,--,--,--,--,--,--,--,--,--,--,--,--,--,--,--
--,--,--,--,--,--,--,--,--,--,--,--,--,--,--,--,--,--,--,--,--,--,--,--,--,--,--,--,--,--,--,--
--,--,--,--,--,--,--,--,--,--,--,--,--,--,--,--,--,--,--,--,--,--,--,--,--,--,--,--,--,--,--,--
--,--,--,--,--,--,--,--,--,--,--,--,--,--,--,--,--,--,--,--,--,--,--,--,--,--,--,--,--,--,--,--
--,--,--,--,--,--,--,--,--,--,--,--,--,--,--,--,--,--,--,--,--,--,--,--,--,--,--,--,--,--,--,--
--,--,--,--,--,--,--,--,--,--,--,--,--,--,--,--,--,--,--,--,--,--,--,--,--,--,--,--,--,--,--,--
--,--,--,--,--,--,--,--,--,--,--,--,--,--,--,--,--,--,--,--,--,--,--,--,--,--,--,--,--,--,--,--
--,--,--,--,--,--,--,--,--,--,--,--,--,--,--,--,--,--,--,--,--,--,--,--,--,--,--,--,--,--,--,--
--,--,--,--,--,--,--,--,--,--,--,--,--,--,--,--,--,--,--,--,--,--,--,--,--,--,--,--,--,--,--,--
--,--,--,--,--,--,--,--,--,--,--,--,--,--,--,--,--,--,--,--,--,--,--,--,--,--,--,--,--,--,--,--
--,--,--,--,--,--,--,--,--,--,--,--,--,--,--,--,--,--,--,--,--,--,--,--,--,--,--,--,--,--,--,--
--,--,--,--,--,--,--,--,--,--,--,--,--,--,--,--,--,--,--,--,--,--,--,--,--,--,--,--,--,--,--,--
--,--,--,--,--,--,--,--,--,--,--,--,--,--,--,--,--,--,--,--,--,--,--,--,--,--,--,--,--,--,--,--
--,--,--,--,--,--,--,--,--,--,--,--,--,--,--,--,--,--,--,--,--,--,--,--,--,--,--,--,--,--,--,--
--,--,--,--,--,--,--,--,--,--,--,--,--,--,--,--,--,--,--,--,--,--,--,--,--,--,--,--,--,--,--,--
--,--,--,--,--,--,--,--,--,--,--,--,--,--,--,--,--,--,--,--,--,--,--,--,--,--,--,--,--,--,--,--
--,--,--,--,--,--,--,--,--,--,--,--,--,--,--,--,--,--,--,--,--,--,--,--,--,--,--,--,--,--,--,--
--,--,--,--,--,--,--,--,--,--,--,--,--,--,--,--,--,--,--,--,--,--,--,--,--,--,--,--,--,--,--,--
--,--,--,--,--,--,--,--,--,--,--,--,--,--,--,--,--,--,--,--,--,--,--,--,--,--,--,--,--,--,--,--
--,--,--,--,--,--,--,--,--,--,--,--,--,--,--,--,--,--,--,--,--,--,--,--,--,--,--,--,--,--,--,--
--,--,--,--,--,--,--,--,--,--,--,--,--,--,--,--,--,--,--,--,--,--,--,--,--,--,--,--,--,--,--,--
--,--,--,--,--,--,--,--,--,--,--,--,--,--,--,--,--,--,--,--,--,--,--,--,--,--,--,--,--,--,--,--
--,--,--,--,--,--,--,--,--,--,--,--,--,--,--,--,--,--,--,--,--,--,--,--,--,--,--,--,--,--,--,--
--,--,--,--,--,--,--,--,--,--,--,--,--,--,--,--,--,--,--,--,--,--,--,--,--,--,--,--,--,--,--,--
--,--,--,--,--,--,--,--,--,--,--,--,--,--,--,--,--,--,--,--,--,--,--,--,--,--,--,--,--,--,--,--
--,--,--,--,--,--,--,--,--,--,--,--,--,--,--,--,--,--,--,--,--,--,--,--,--,--,--,--,--,--,--,--
--,--,--,--,--,--,--,--,--,--,--,--,--,--,--,--,--,--,--,--,--,--,--,--,--,--,--,--,--,--,--,--
--,--,--,--,--,--,--,--,--,--,--,--,--,--,--,--,--,--,--,--,--,--,--,--,--,--,--,--,--,--,--,--
--,--,--,--,--,--,--,--,--,--,--,--,--,--,--,--,--,--,--,--,--,--,--,--,--,--,--,--,--,--,--,--
--,--,--,--,--,--,--,--,--,--,--,--,--,--,--,--,--,--,--,--,--,--,--,--,--,--,--,--,--,--,--,--
--,--,--,--,--,--,--,--,--,--,--,--,--,--,--,--,--,--,--,--,--,--,--,--,--,--,--,--,--,--,--,--
--,--,--,--,--,--,--,--,--,--,--,--,--,--,--,--,--,--,--,--,--,--,--,--,--,--,--,--,--,--,--,--
--,--,--,--,--,--,--,--,--,--,--,--,--,--,--,--,--,--,--,--,--,--,--,--,--,--,--,--,--,--,--,--
--,--,--,--,--,--,--,--,--,--,--,--,--,--,--,--,--,--,--,--,--,--,--,--,--,--,--,--,--,--,--,--
--,--,--,--,--,--,--,--,--,--,--,--,--,--,--,--,--,--,--,--,--,--,--,--,--,--,--,--,--,--,--,--
--,--,--,--,--,--,--,--,--,--,--,--,--,--,--,--,--,--,--,--,--,--,--,--,--,--,--,--,--,--,--,--
--,--,--,--,--,--,--,--,--,--,--,--,--,--,--,--,--,--,--,--,--,--,--,--,--,--,--,--,--,--,--,--
--,--,--,--,--,--,--,--,--,--,--,--,--,--,--,--,--,--,--,--,--,--,--,--,--,--,--,--,--,--,--,--
--,--,--,--,--,--,--,--,--,--,--,--,--,--,--,--,--,--,--,--,--,--,--,--,--,--,--,--,--,--,--,--
--,--,--,--,--,--,--,--,--,--,--,--,--,--,--,--,--,--,--,--,--,--,--,--,--,--,--,--,--,--,--,--
--,--,--,--,--,--,--,--,--,--,--,--,--,--,--,--,--,--,--,--,--,--,--,--,--,--,--,--,--,--,--,--
--,--,--,--,--,--,--,--,--,--,--,--,--,--,--,--,--,--,--,--,--,--,--,--,--,--,--,--,--,--,--,--
--,--,--,--,--,--,--,--,--,--,--,--,--,--,--,--,--,--,--,--,--,--,--,--,--,--,--,--,--,--,--,--
--,--,--,--,--,--,--,--,--,--,--,--,--,--,--,--,--,--,--,--,--,--,--,--,--,--,--,--,--,--,--,--
--,--,--,--,--,--,--,--,--,--,--,--,--,--,--,--,--,--,--,--,--,--,--,--,--,--,--,--,--,--,--,--
--,--,--,--,--,--,--,--,--,--,--,--,--,--,--,--,--,--,--,--,--,--,--,--,--,--,--,--,--,--,--,--
--,--,--,--,--,--,--,--,--,--,--,--,--,--,--,--,--,--,--,--,--,--,--,--,--,--,--,--,--,--,--,--
--,--,--,--,--,--,--,--,--,--,--,--,--,--,--,--,--,--,--,--,--,--,--,--,--,--,--,--,--,--,--,--
--,--,--,--,--,--,--,--,--,--,--,--,--,--,--,--,--,--,--,--,--,--,--,--,--,--,--,--,--,--,--,--
--,--,--,--,--,--,--,--,--,--,--,--,--,--,--,--,--,--,--,--,--,--,--,--,--,--,--,--,--,--,--,--
--,--,--,--,--,--,--,--,--,--,--,--,--,--,--,--,--,--,--,--,--,--,--,--,--,--,--,--,--,--,--,--
--,--,--,--,--,--,--,--,--,--,--,--,--,--,--,--,--,--,--,--,--,--,--,--,--,--,--,--,--,--,--,--
--,--,--,--,--,--,--,--,--,--,--,--,--,--,--,--,--,--,--,--,--,--,--,--,--,--,--,--,--,--,--,--
--,--,--,--,--,--,--,--,--,--,--,--,--,--,--,--,--,--,--,--,--,--,--,--,--,--,--,--,--,--,--,--
--,--,--,--,--,--,--,--,--,--,--,--,--,--,--,--,--,--,--,--,--,--,--,--,--,--,--,--,--,--,--,--
--,--,--,--,--,--,--,--,--,--,--,--,--,--,--,--,--,--,--,--,--,--,--,--,--,--,--,--,--,--,--,--
--,--,--,--,--,--,--,--,--,--,--,--,--,--,--,--,--,--,--,--,--,--,--,--,--,--,--,--,--,--,--,--
--,--,--,--,--,--,--,--,--,--,--,--,--,--,--,--,--,--,--,--,--,--,--,--,--,--,--,--,--,--,--,--
--,--,--,--,--,--,--,--,--,--,--,--,--,--,--,--,--,--,--,--,--,--,--,--,--,--,--,--,--,--,--,--
--,--,--,--,--,--,--,--,--,--,--,--,--,--,--,--,--,--,--,--,--,--,--,--,--,--,--,--,--,--,--,--
--,--,--,--,--,--,--,--,--,--,--,--,--,--,--,--,--,--,--,--,--,--,--,--,--,--,--,--,--,--,--,--
--,--,--,--,--,--,--,--,--,--,--,--,--,--,--,--,--,--,--,--,--,--,--,--,--,--,--,--,--,--,--,--
--,--,--,--,--,--,--,--,--,--,--,--,--,--,--,--,--,--,--,--,--,--,--,--,--,--,--,--,--,--,--,--
--,--,--,--,--,--,--,--,--,--,--,--,--,--,--,--,--,--,--,--,--,--,--,--,--,--,--,--,--,--,--,--
--,--,--,--,--,--,--,--,--,--,--,--,--,--,--,--,--,--,--,--,--,--,--,--,--,--,--,--,--,--,--,--
--,--,--,--,--,--,--,--,--,--,--,--,--,--,--,--,--,--,--,--,--,--,--,--,--,--,--,--,--,--,--,--
--,--,--,--,--,--,--,--,--,--,--,--,--,--,--,--,--,--,--,--,--,--,--,--,--,--,--,--,--,--,--,--
--,--,--,--,--,--,--,--,--,--,--,--,--,--,--,--,--,--,--,--,--,--,--,--,--,--,--,--,--,--,--,--
--,--,--,--,--,--,--,--,--,--,--,--,--,--,--,--,--,--,--,--,--,--,--,--,--,--,--,--,--,--,--,--
--,--,--,--,--,--,--,--,--,--,--,--,--,--,--,--,--,--,--,--,--,--,--,--,--,--,--,--,--,--,--,--
--,--,--,--,--,--,--,--,--,--,--,--,--,--,--,--,--,--,--,--,--,--,--,--,--,--,--,--,--,--,--,--
--,--,--,--,--,--,--,--,--,--,--,--,--,--,--,--,--,--,--,--,--,--,--,--,--,--,--,--,--,--,--,--
--,--,--,--,--,--,--,--,--,--,--,--,--,--,--,--,--,--,--,--,--,--,--,--,--,--,--,--,--,--,--,--
--,--,--,--,--,--,--,--,--,--,--,--,--,--,--,--,--,--,--,--,--,--,--,--,--,--,--,--,--,--,--,--
--,--,--,--,--,--,--,--,--,--,--,--,--,--,--,--,--,--,--,--,--,--,--,--,--,--,--,--,--,--,--,--
--,--,--,--,--,--,--,--,--,--,--,--,--,--,--,--,--,--,--,--,--,--,--,--,--,--,--,--,--,--,--,--
--,--,--,--,--,--,--,--,--,--,--,--,--,--,--,--,--,--,--,--,--,--,--,--,--,--,--,--,--,--,--,--
--,--,--,--,--,--,--,--,--,--,--,--,--,--,--,--,--,--,--,--,--,--,--,--,--,--,--,--,--,--,--,--
--,--,--,--,--,--,--,--,--,--,--,--,--,--,--,--,--,--,--,--,--,--,--,--,--,--,--,--,--,--,--,--
--,--,--,--,--,--,--,--,--,--,--,--,--,--,--,--,--,--,--,--,--,--,--,--,--,--,--,--,--,--,--,--
--,--,--,--,--,--,--,--,--,--,--,--,--,--,--,--,--,--,--,--,--,--,--,--,--,--,--,--,--,--,--,--
--,--,--,--,--,--,--,--,--,--,--,--,--,--,--,--,--,--,--,--,--,--,--,--,--,--,--,--,--,--,--,--
--,--,--,--,--,--,--,--,--,--,--,--,--,--,--,--,--,--,--,--,--,--,--,--,--,--,--,--,--,--,--,--
--,--,--,--,--,--,--,--,--,--,--,--,--,--,--,--,--,--,--,--,--,--,--,--,--,--,--,--,--,--,--,--
--,--,--,--,--,--,--,--,--,--,--,--,--,--,--,--,--,--,--,--,--,--,--,--,--,--,--,--,--,--,--,--
--,--,--,--,--,--,--,--,--,--,--,--,--,--,--,--,--,--,--,--,--,--,--,--,--,--,--,--,--,--,--,--
--,--,--,--,--,--,--,--,--,--,--,--,--,--,--,--,--,--,--,--,--,--,--,--,--,--,--,--,--,--,--,--
--,--,--,--,--,--,--,--,--,--,--,--,--,--,--,--,--,--,--,--,--,--,--,--,--,--,--,--,--,--,--,--
--,--,--,--,--,--,--,--,--,--,--,--,--,--,--,--,--,--,--,--,--,--,--,--,--,--,--,--,--,--,--,--
--,--,--,--,--,--,--,--,--,--,--,--,--,--,--,--,--,--,--,--,--,--,--,--,--,--,--,--,--,--,--,--
--,--,--,--,--,--,--,--,--,--,--,--,--,--,--,--,--,--,--,--,--,--,--,--,--,--,--,--,--,--,--,--
--,--,--,--,--,--,--,--,--,--,--,--,--,--,--,--,--,--,--,--,--,--,--,--,--,--,--,--,--,--,--,--
--,--,--,--,--,--,--,--,--,--,--,--,--,--,--,--,--,--,--,--,--,--,--,--,--,--,--,--,--,--,--,--
--,--,--,--,--,--,--,--,--,--,--,--,--,--,--,--,--,--,--,--,--,--,--,--,--,--,--,--,--,--,--,--
--,--,--,--,--,--,--,--,--,--,--,--,--,--,--,--,--,--,--,--,--,--,--,--,--,--,--,--,--,--,--,--
--,--,--,--,--,--,--,--,--,--,--,--,--,--,--,--,--,--,--,--,--,--,--,--,--,--,--,--,--,--,--,--
--,--,--,--,--,--,--,--,--,--,--,--,--,--,--,--,--,--,--,--,--,--,--,--,--,--,--,--,--,--,--,--
--,--,--,--,--,--,--,--,--,--,--,--,--,--,--,--,--,--,--,--,--,--,--,--,--,--,--,--,--,--,--,--
--,--,--,--,--,--,--,--,--,--,--,--,--,--,--,--,--,--,--,--,--,--,--,--,--,--,--,--,--,--,--,--
--,--,--,--,--,--,--,--,--,--,--,--,--,--,--,--,--,--,--,--,--,--,--,--,--,--,--,--,--,--,--,--
